"","CliqueSize_6","CliqueSize_8","CliqueSize_12","CliqueSize_16"
"1",NA,0.827259346562712,0.121335250358482,0.0455002638963585
"2",1,0.220671361919847,NA,0.0125549185969665
