"","CliqueSize_6","CliqueSize_8","CliqueSize_12","CliqueSize_16"
"1",0.236381632703655,0.698535358303337,0.158673112235795,0.288844366346485
"2",0.135593001266303,0.317310507862914,NA,NA
